{
	"IcoMoonType": "selection",
	"icons": [
		{
			"icon": {
				"paths": [
					"M128 213.333h768q17.667 0 30.167 12.5t12.5 30.167-12.5 30.167-30.167 12.5h-768q-17.667 0-30.167-12.5t-12.5-30.167 12.5-30.167 30.167-12.5zM128 725.333h768q17.667 0 30.167 12.5t12.5 30.167-12.5 30.167-30.167 12.5h-768q-17.667 0-30.167-12.5t-12.5-30.167 12.5-30.167 30.167-12.5zM128 469.333h768q17.667 0 30.167 12.5t12.5 30.167-12.5 30.167-30.167 12.5h-768q-17.667 0-30.167-12.5t-12.5-30.167 12.5-30.167 30.167-12.5z"
				],
				"attrs": [],
				"isMulticolor": false,
				"tags": [
					"menu"
				],
				"grid": 0
			},
			"attrs": [],
			"properties": {
				"order": 1,
				"id": 0,
				"prevSize": 24,
				"code": 59648,
				"name": "menu"
			},
			"setIdx": 0,
			"setId": 0,
			"iconIdx": 0
		}
	],
	"height": 1024,
	"metadata": {
		"name": "icomoon"
	},
	"preferences": {
		"showGlyphs": true,
		"showCodes": true,
		"showQuickUse": true,
		"showQuickUse2": true,
		"showSVGs": true,
		"fontPref": {
			"prefix": "icon-",
			"metadata": {
				"fontFamily": "icomoon"
			},
			"metrics": {
				"emSize": 1024,
				"baseline": 6.25,
				"whitespace": 50
			},
			"embed": false
		},
		"imagePref": {
			"prefix": "icon-",
			"png": true,
			"useClassSelector": true,
			"color": 4473924,
			"bgColor": 16777215
		},
		"historySize": 100,
		"gridSize": 16
	}
}